,id,topic
0,2966,The Impact of Technological Advancements on Urbanization
1,970,The role of music in promoting social justice and human rights
2,1386,The Future of Smart Retail
3,1234,The Geopolitics of the Tigris-Euphrates Region
4,2997,The Ethics of Human-AI Collaboration
5,2408,The Impact of Technological Advancements on Global Economy
6,2849,The Legal Implications of Autonomous Aircraft
7,1240,The Geopolitics of the Niger Region
8,2649,The Ethics of Human-AI Integration
9,1667,The Legal Framework for Cyber Counterterrorism
10,2398,The Geopolitics of the Ganges Region
11,1451,The Legal Framework for Cyber Counterterrorism
12,613,The impact of AI on the job market
13,1189,The Role of Technology in Crisis Communications
14,832,The ethics of artificial intelligence and the development of autonomous systems
15,2501,The Legal Implications of Autonomous Trains
16,333,Dark Matter Research
17,2727,The Ethics of Human-Robot Integration
18,3086,The Impact of Technological Advancements on Biodiversity
19,2233,The Role of Technology in Maritime Transport
20,1671,The Ethics of Human-Robot Collaboration
21,1776,The Future of Smart Waste Management
22,1733,The Legal Implications of Autonomous Spacecraft
23,2204,The Impact of Technological Advancements on Trade Wars
24,2552,The Impact of Technological Advancements on Economic Inequality
25,219,Virtual Reality Gaming
26,292,Facial Recognition Ethics
27,2177,The Legal Implications of Autonomous Underwater Vehicles
28,818,The role of art in promoting intercultural understanding
29,602,Sky City Planning
30,18,Space Exploration Milestones
31,171,Contemporary Literature Trends
32,1738,The Geopolitics of the Tigris-Euphrates Region
33,2283,The Ethics of Human-Robot Collaboration
34,2803,The Role of Technology in Road Transport
35,1408,The Geopolitics of the Niger Region
36,179,Medieval Medicine History
37,1337,The Legal Implications of Autonomous Aircraft
38,3133,The Role of Technology in Warehouse Management
39,2205,The Ethics of Human-AI Collaboration
40,1412,The Impact of Technological Advancements on Trade Wars
41,2746,The Geopolitics of the Tigris-Euphrates Region
42,1663,The Role of Technology in Public Transport
43,3028,The Geopolitics of the Limpopo Region
44,2025,The Ethics of Human-AI Collaboration
45,2771,The Legal Framework for Cyber Counterproliferation
46,2097,The Ethics of Human-AI Collaboration
47,135,Medieval Castle Architecture
48,2846,The Impact of Technological Advancements on Pandemics
49,3111,The Ethics of Human-Robot Collaboration
50,103,Badminton World Federation
51,415,Indigenous Weather Forecasting
52,2697,The Ethics of Human-AI Symbiosis
53,1484,The Impact of Technological Advancements on Global Economy
54,1188,The Future of Smart Energy
55,1730,The Impact of Technological Advancements on Natural Disasters
56,2006,The Impact of Technological Advancements on Trade Wars
57,2154,The Future of Smart Governance
58,2572,The Geopolitics of the Indus Region
59,1147,The Role of Technology in Dance
60,310,Metaverse Development
61,2274,The Future of Smart Water Management
62,2440,The Geopolitics of the Limpopo Region
63,193,World Music Fusion
64,195,Ancient Roman Architecture
65,777,The ethics of animal testing in cosmetics and pharmaceuticals
66,1678,The Geopolitics of the Orange Region
67,1236,The Future of Smart Farming
68,1394,The Impact of Technological Advancements on Pandemics
69,45,Edge Computing Technology
70,1765,The Role of Technology in Warehouse Management
71,946,The role of music in promoting social justice and human rights
72,2052,The Future of Smart Energy
73,830,The role of religion in contemporary society and its impact on social values
74,2967,The Ethics of Human-Robot Collaboration
75,2922,The Future of Smart Water Management
76,1279,The Role of Technology in Human Resources
77,2900,The Impact of Technological Advancements on Urbanization
78,2808,The Future of Smart Cities
79,3001,The Role of Technology in Shipping
80,486,Traditional Paper Making
81,2372,The Impact of Technological Advancements on Urbanization
82,443,Traditional Fishing Methods
83,1642,The Geopolitics of the Ganges Region
84,2598,The Future of Smart Homes
85,1714,The Geopolitics of the Salween Region
86,2982,The Future of Smart Transportation
87,757,The ethics of artificial intelligence and its impact on human society
88,1881,The Ethics of Human-AI Collaboration
89,241,Sustainable Agriculture
90,2355,The Ethics of Human-Robot Collaboration
91,1666,The Geopolitics of the Congo Region
92,2431,The Role of Technology in Aviation
93,1744,The Geopolitics of the Niger Region
94,140,Ocean Conservation Efforts
95,3041,The Legal Implications of Autonomous Underwater Vehicles
96,347,Ocean Wave Energy
97,1537,The Role of Technology in Supply Chain
98,315,Nanotechnology Applications
99,1743,The Ethics of Human-Robot Collaboration
100,323,Supersonic Air Travel
101,1682,The Impact of Technological Advancements on Global Economy
102,1460,The Impact of Technological Advancements on Pandemics
103,2034,The Future of Smart Retail
104,257,Sports Psychology
105,2300,The Impact of Technological Advancements on Climate Change
106,1732,The Geopolitics of the Indus Region
107,2601,The Ethics of Human-AI Collaboration
108,204,Wetland Conservation
109,1785,The Ethics of Human-AI Integration
110,299,Disaster Relief Operations
111,52,Artificial Neural Networks
112,215,Stock Market Psychology
113,64,Competition Law
114,2497,The Role of Technology in Shipping
115,2801,The Legal Implications of Autonomous Submarines
116,1358,The Impact of Technological Advancements on Social Stability
117,300,Digital Art Evolution
118,433,Traditional Weaving
119,1101,The Ethics of Genetic Testing
120,53,Golf Major Championships
121,1227,The Ethics of Human-Robot Collaboration
122,795,The impact of technology on the workplace and employee well-being
123,2078,The Impact of Technological Advancements on Global Economy
124,1252,The Geopolitics of the Zambezi Region
125,1075,The Role of Technology in Agriculture
126,2378,The Impact of Technological Advancements on Immigration
127,1588,The Geopolitics of the Zambezi Region
128,1289,The Legal Implications of Autonomous Submarines
129,1675,The Role of Technology in Logistics
130,2133,The Ethics of Human-AI Collaboration
131,1448,The Impact of Technological Advancements on Urbanization
132,2897,The Legal Implications of Autonomous Underwater Vehicles
133,71,Indo-Pacific Strategy
134,643,The future of transportation and urban planning
135,2543,The Legal Framework for Cyber Counterespionage
136,945,The future of the film industry and the rise of international co-productions
137,2852,The Impact of Technological Advancements on Natural Disasters
138,2539,The Role of Technology in Logistics
139,1106,The Impact of Climate Change on Biodiversity
140,1175,The Legal Framework for Cyber Terrorism
141,2670,The Future of Smart Homes
142,1757,The Legal Implications of Autonomous Surface Vehicles
143,479,Smart Fabric Technology
144,2178,The Future of Smart Retail
145,2429,The Legal Implications of Autonomous Trains
146,730,The challenges of healthcare access and affordability in an aging population
147,3095,The Legal Framework for Cyber Counterespionage
148,2282,The Impact of Technological Advancements on Social Stability
149,290,Educational Technology
150,1092,The Future of Nanotechnology
151,1420,The Geopolitics of the Zambezi Region
152,451,Urban Legend Origins
153,2443,The Role of Technology in Road Transport
154,808,The ethics of artificial intelligence and the development of autonomous systems
155,464,Biomimetic Architecture
156,3141,The Ethics of Human-AI Collaboration
157,2699,The Legal Framework for Cyber Counterproliferation
158,568,Holographic Storage
159,1611,The Ethics of Human-Robot Integration
160,77,Embedded Systems Design
161,332,Vertical Farming
162,612,Time Dilation Study
163,3017,The Legal Implications of Autonomous Submarines
164,145,Rainforest Biodiversity
165,786,The role of government in promoting renewable energy
166,46,European Union Policies
167,2908,The Geopolitics of the Indus Region
168,344,Color Psychology
169,2171,The Legal Framework for Cyber Counterterrorism
170,1560,The Future of Smart Waste Management
171,545,Wilderness Survival
172,1024,The ethics of collecting and displaying art from conflict zones
173,153,Automotive Industry Future
174,1981,The Role of Technology in Warehouse Management
175,1323,The Ethics of Human-Robot Collaboration
176,1019,The impact of technology on the art of animation
177,2182,The Geopolitics of the Orange Region
178,1,Impact of Climate Change on Global Food Security
179,1463,The Legal Framework for Cyber Counterespionage
180,622,The ethical implications of genetic engineering
181,409,Textile Art
182,2837,The Legal Implications of Autonomous Surface Vehicles
183,1967,The Legal Framework for Cyber Counterespionage
184,2845,The Role of Technology in Warehouse Management
185,1622,The Impact of Technological Advancements on Social Stability
186,1367,The Legal Framework for Cyber Counterespionage
187,888,The impact of consumerism on environmental sustainability
188,1845,The Ethics of Human-AI Collaboration
189,33,Basketball NBA History
190,212,Space Mining Possibilities
191,2551,The Role of Technology in Inventory Management
192,15,Electric Vehicle Technology
193,94,Property Law
194,1256,The Impact of Technological Advancements on Immigration
195,1398,The Future of Smart Transportation
196,2819,The Legal Framework for Cyber Counterterrorism
197,355,Cave Exploration
198,150,Theater Production Methods
199,255,Digital Currency Economy
200,2030,The Impact of Technological Advancements on Biodiversity
201,599,Mountain Railways
202,185,Pop Art Movement History
203,579,Lighthouse History
204,3051,The Ethics of Human-Robot Integration
205,1174,The Geopolitics of the Aral Sea Region
206,2252,The Impact of Technological Advancements on Pandemics
207,472,Sand Dune Protection
208,1966,The Geopolitics of the Salween Region
209,1964,The Impact of Technological Advancements on Biodiversity
210,1303,The Role of Technology in Supply Chain
211,2998,The Geopolitics of the Tigris-Euphrates Region
212,258,Drug Development Process
213,1802,The Impact of Technological Advancements on Economic Sanctions
214,933,The future of live music venues and the impact of gentrification
215,1685,The Legal Implications of Autonomous Surface Vehicles
216,719,The role of art in promoting intercultural understanding and dialogue
217,597,Tribal Leadership
218,611,Desert Agriculture
219,756,The impact of social media on youth mental health and well-being
220,2326,The Geopolitics of the Tigris-Euphrates Region
221,1507,The Role of Technology in Road Transport
222,2488,The Geopolitics of the Indus Region
223,1887,The Ethics of Human-Robot Collaboration
224,1339,The Role of Technology in Transportation
225,2612,The Impact of Technological Advancements on Social Stability
226,175,Abstract Art Movement
227,1392,The Future of Smart Logistics
228,2249,The Legal Implications of Autonomous Underwater Vehicles
229,121,Fashion Industry Evolution
230,2893,The Role of Technology in Freight Transport
231,529,Underground Cities
232,2568,The Future of Smart Waste Management
233,904,The ethics of artificial intelligence and the development of autonomous systems
234,1091,The Legal Framework for Robotics
235,2916,The Future of Smart Energy
236,440,Plague History Impact
237,1379,The Legal Framework for Cyber Counterterrorism
238,2773,The Role of Technology in Warehouse Management
239,2145,The Ethics of Human-AI Integration
240,189,Punk Rock Evolution
241,1951,The Role of Technology in Public Transport
242,1265,The Legal Implications of Autonomous Aircraft
243,2351,The Legal Framework for Cyber Counterintelligence
244,1115,The Legal Framework for Artificial Intelligence
245,271,Space Tourism Industry
246,3117,The Ethics of Human-AI Integration
247,252,Robotic Surgery Systems
248,369,Mountain Climbing
249,388,Ghost Towns
250,3035,The Legal Framework for Cyber Counterterrorism
251,1422,The Future of Smart Healthcare
252,810,The role of government in addressing climate change and its impact on human health
253,1953,The Ethics of Human-AI Collaboration
254,2483,The Legal Framework for Cyber Counterproliferation
255,247,Cultural Anthropology
256,1238,The Impact of Technological Advancements on Biodiversity
257,2432,The Impact of Technological Advancements on Climate Change
258,1150,The Geopolitics of the Sahel Region
259,2168,The Impact of Technological Advancements on Climate Change
260,977,The future of the film industry and the rise of international co-productions
261,2500,The Geopolitics of the Niger Region
262,3061,The Role of Technology in Warehouse Management
263,3147,The Ethics of Human-Robot Collaboration
264,444,Hologram Technology
265,2806,The Geopolitics of the Salween Region
266,565,Amazon Tribe Culture
267,2093,The Legal Implications of Autonomous Spacecraft
268,677,The impact of social media on political discourse and democracy
269,880,The ethics of artificial intelligence and the development of autonomous systems
270,2660,The Impact of Technological Advancements on Economic Sanctions
271,1860,The Future of Smart Education
272,2795,The Legal Framework for Cyber Counterterrorism
273,176,Sustainable Transportation
274,556,Mind Reading Technology
275,2222,The Impact of Technological Advancements on Economic Inequality
276,1557,The Ethics of Human-AI Collaboration
277,2959,The Role of Technology in Public Transport
278,2293,The Role of Technology in Rail Transport
279,1809,The Ethics of Human-AI Collaboration
280,868,The ethics of genetic engineering and human enhancement
281,2119,The Role of Technology in Inventory Management
282,450,Space Weather Monitoring
283,1135,The Role of Technology in Literature
284,1851,The Ethics of Human-Robot Collaboration
285,582,Smart Dust Networks
286,2491,The Role of Technology in Distribution
287,2051,The Legal Framework for Cyber Counterproliferation
288,2664,The Future of Smart Cities
289,1426,The Geopolitics of the Orange Region
290,2172,The Future of Smart Farming
291,765,The effectiveness of international aid
292,2549,The Legal Implications of Autonomous Surface Vehicles
293,508,Floating Garden Systems
294,1946,The Impact of Technological Advancements on Global Economy
295,267,Consumer Behavior Analysis
296,197,Performance Art Forms
297,2941,The Role of Technology in Rail Transport
298,89,Family Law Basics
299,2884,The Geopolitics of the Mekong Region
300,1318,The Geopolitics of the Tigris-Euphrates Region
301,2826,The Future of Smart Retail
302,679,The future of food security and sustainable agriculture in a changing climate
303,913,The future of the music industry in the digital age
304,728,The role of media in promoting social justice and human rights
305,411,Pearl Farming
306,991,The impact of globalization on traditional crafts and artisanal skills
307,583,Cave City Living
308,2724,The Future of Smart Education
309,26,Middle East Peace Process
310,2359,The Role of Technology in Aviation
311,2709,The Ethics of Human-AI Collaboration
312,1948,The Geopolitics of the Chao Phraya Region
313,2015,The Legal Framework for Cyber Counterespionage
314,2164,The Geopolitics of the Niger Region
315,1840,The Geopolitics of the Zambezi Region
316,322,Buddhist Philosophy
317,1427,The Legal Framework for Cyber Counterterrorism
318,2426,The Impact of Technological Advancements on Biodiversity
319,1610,The Impact of Technological Advancements on Trade Wars
320,424,Autonomous Weapon Systems
321,1413,The Ethics of Human-AI Coexistence
322,68,Winter Olympics History
323,2294,The Impact of Technological Advancements on Biodiversity
324,1619,The Legal Framework for Cyber Counterproliferation
325,2607,The Ethics of Human-Robot Collaboration
326,32,Virtual Reality Applications
327,2679,The Ethics of Human-Robot Collaboration
328,528,Quantum Teleportation
329,2288,The Impact of Technological Advancements on Economic Inequality
330,458,Arctic Shipping Routes
331,2659,The Role of Technology in Road Transport
332,2902,The Geopolitics of the Ganges Region
333,2454,The Future of Smart Homes
334,2919,The Ethics of Human-Robot Symbiosis
335,3106,The Geopolitics of the Orange Region
336,2675,The Legal Framework for Cyber Counterterrorism
337,167,Indigenous Art Forms
338,125,Volcanic Activity Patterns
339,2595,The Ethics of Human-Robot Symbiosis
340,683,The role of religion in contemporary society and its impact on social and political issues
341,2330,The Impact of Technological Advancements on Economic Sanctions
342,573,Pyramid Construction
343,1199,The Legal Framework for Cyber Security
344,1090,The Geopolitics of the Mediterranean Region
345,1360,The Geopolitics of the Chao Phraya Region
346,2365,The Role of Technology in Rail Transport
347,3112,The Geopolitics of the Limpopo Region
348,1273,The Role of Technology in Finance
349,2712,The Future of Smart Waste Management
350,2046,The Future of Smart Transportation
351,1711,The Role of Technology in Aviation
352,2871,The Ethics of Human-Robot Integration
353,2468,The Impact of Technological Advancements on Trade Wars
354,931,The impact of technology on the art of painting and sculpture
355,177,Folk Music Traditions
356,595,Monastery Gardens
357,1564,The Geopolitics of the Indus Region
358,2031,The Ethics of Human-Robot Collaboration
359,2452,The Geopolitics of the Chao Phraya Region
360,1002,The role of music in promoting social justice and human rights
361,3105,The Ethics of Human-AI Collaboration
362,802,The future of food security and sustainable agriculture
363,434,Crowd Psychology
364,81,Belt and Road Initiative
365,2263,The Role of Technology in Inventory Management
366,1197,The Ethics of Human-AI Integration
367,2094,The Future of Smart Homes
368,417,Street Food Culture
369,2957,The Legal Implications of Autonomous Spacecraft
370,496,Sand Art Tradition
371,1628,The Impact of Technological Advancements on Economic Inequality
372,938,The role of music in social and cultural integration
373,2885,The Legal Implications of Autonomous Spacecraft
374,371,Swarm Robotics
375,3046,The Geopolitics of the Irrawaddy Region
376,1695,The Ethics of Human-Robot Symbiosis
377,1941,The Ethics of Human-AI Symbiosis
378,1787,The Legal Framework for Cyber Counterterrorism
379,1927,The Role of Technology in Aviation
380,1573,The Role of Technology in Rail Transport
381,2196,The Future of Smart Energy
382,839,The role of sports in promoting physical and mental health
383,1243,The Role of Technology in Sustainability
384,1865,The Legal Implications of Autonomous Submarines
385,142,Waste Management Systems
386,1207,The Role of Technology in Investor Relations
387,1728,The Future of Smart Cities
388,1481,The Legal Implications of Autonomous Aircraft
389,1937,The Legal Implications of Autonomous Submarines
390,1939,The Role of Technology in Road Transport
391,533,Puppet Theater History
392,2895,The Ethics of Human-Robot Collaboration
393,2245,The Role of Technology in Freight Transport
394,655,The future of food security and sustainable agriculture
395,2413,The Role of Technology in Warehouse Management
396,412,Microplastic Pollution
397,901,The challenges of access to quality education in developing countries
398,178,Wildlife Photography Skills
399,928,The ethics of creating and consuming art in the digital age
400,2887,The Role of Technology in Public Transport
401,2535,The Ethics of Human-Robot Collaboration
402,1821,The Ethics of Human-AI Integration
403,1000,The ethics of collecting and displaying art from conflict zones
404,2345,The Legal Implications of Autonomous Aircraft
405,480,Ice Climbing Techniques
406,184,River Ecosystem Protection
407,696,The impact of technology on the creative industries and the arts
408,1158,The Future of Smart Farming
409,671,The role of art in promoting intercultural understanding
410,606,Dream Control Tech
411,2272,The Geopolitics of the Limpopo Region
412,3134,The Impact of Technological Advancements on Global Economy
413,760,The impact of AI on creative industries
414,2875,The Role of Technology in Road Transport
415,686,The future of work and the rise of the gig economy
416,487,Fog Harvesting Systems
417,1579,The Role of Technology in Road Transport
418,394,Mongolian Empire
419,1152,The Future of Smart Homes
420,2029,The Role of Technology in Freight Transport
421,2862,The Future of Smart Healthcare
422,163,Digital Animation Techniques
423,1223,The Legal Framework for Cyber Offense
424,1916,The Impact of Technological Advancements on Immigration
425,1049,The Impact of Brexit on the European Union
426,431,Graffiti Art History
427,1104,The Future of Holographic Technology
428,439,Origami Engineering
429,1884,The Future of Smart Farming
430,1226,The Impact of Technological Advancements on Social Stability
431,2032,The Geopolitics of the Chao Phraya Region
432,1037,The future of live theater and the role of technology in stage productions
433,1076,The Impact of Immigration on National Economies
434,1749,The Ethics of Human-AI Integration
435,31,NATO Alliance Structure
436,2021,The Legal Implications of Autonomous Spacecraft
437,2103,The Ethics of Human-Robot Collaboration
438,963,The impact of technology on the art of animation
439,2285,The Legal Implications of Autonomous Trains
440,174,Renewable Construction Materials
441,2213,The Legal Implications of Autonomous Trains
442,297,Urban Agriculture
443,326,Viking Age Exploration
444,1290,The Future of Smart Governance
445,507,Urban Cave Exploration
446,280,Biometric Authentication
447,2655,The Ethics of Human-Robot Integration
448,2414,The Impact of Technological Advancements on Social Stability
449,1984,The Geopolitics of the Indus Region
450,813,The ethics of data privacy and surveillance in the context of national security
451,1217,The Legal Implications of Autonomous Submarines
452,2617,The Role of Technology in Supply Chain
453,701,The impact of social media on political discourse and democracy
454,558,Dragon Boat Racing
455,1899,The Ethics of Human-Robot Integration
456,2518,The Geopolitics of the Orange Region
457,1512,The Future of Smart Cities
458,74,Labor Law Basics
459,3011,The Legal Framework for Cyber Counterterrorism
460,49,International Criminal Law
461,603,War Elephant Training
462,681,The impact of tourism on the environment and local communities
463,1452,The Future of Smart Farming
464,1903,The Role of Technology in Inventory Management
465,2406,The Future of Smart Transportation
466,1445,The Legal Implications of Autonomous Spacecraft
467,2878,The Geopolitics of the Irrawaddy Region
468,1578,The Future of Smart Governance
469,403,Longevity Research
470,1746,The Future of Smart Retail
471,2755,The Role of Technology in Logistics
472,1555,The Role of Technology in Distribution
473,2738,The Impact of Technological Advancements on Global Economy
474,1212,The Future of Smart Education
475,2561,The Legal Implications of Autonomous Aircraft
476,2270,The Impact of Technological Advancements on Trade Wars
477,2237,The Legal Implications of Autonomous Spacecraft
478,1513,The Role of Technology in Maritime Transport
479,2356,The Geopolitics of the Limpopo Region
480,1875,The Ethics of Human-Robot Symbiosis
481,1012,The ethics of using AI to create realistic human simulations in art
482,1072,The Geopolitics of Latin America
483,680,The role of media in promoting social justice and human rights
484,1712,The Impact of Technological Advancements on Urbanization
485,325,Robotic Process Automation
486,820,The ethics of genetic engineering and human enhancement
487,1489,The Role of Technology in Shipping
488,1812,The Future of Smart Farming
489,811,The challenges of international relations and the rise of geopolitical tensions
490,1973,The Legal Implications of Autonomous Surface Vehicles
491,2840,The Impact of Technological Advancements on Immigration
492,2212,The Geopolitics of the Mekong Region
493,1129,The Role of Technology in Film
494,502,Cave Art Preservation
495,2642,The Impact of Technological Advancements on Immigration
496,2125,The Role of Technology in Warehouse Management
497,2828,The Impact of Technological Advancements on Climate Change
498,240,Mars Colonization Plans
499,762,The future of work in a remote-first world
500,1717,The Role of Technology in Rail Transport
501,1229,The Legal Implications of Autonomous Spacecraft
502,1473,The Ethics of Human-AI Symbiosis
503,953,The future of the film industry and the rise of international co-productions
504,1262,The Impact of Technological Advancements on Pandemics
505,2307,The Ethics of Human-Robot Symbiosis
506,1654,The Geopolitics of the Tigris-Euphrates Region
507,1045,The Evolution of Cybersecurity Threats
508,1478,The Impact of Technological Advancements on Trade Wars
509,512,Living Bridge Design
510,3025,The Role of Technology in Maritime Transport
511,2141,The Legal Implications of Autonomous Trains
512,841,The challenges of poverty and inequality in urban areas
513,2176,The Geopolitics of the Zambezi Region
514,1831,The Role of Technology in Inventory Management
515,2769,The Ethics of Human-AI Symbiosis
516,638,The future of work and the gig economy
517,1950,The Future of Smart Homes
518,2954,The Impact of Technological Advancements on Biodiversity
519,1722,The Future of Smart Governance
520,600,Force Field Research
521,1475,The Legal Framework for Cyber Counterproliferation
522,2135,The Legal Framework for Cyber Counterintelligence
523,2602,The Geopolitics of the Orange Region
524,109,Sustainable Agriculture Practices
525,2401,The Role of Technology in Supply Chain
526,1583,The Legal Framework for Cyber Counterespionage
527,319,Asteroid Defense Systems
528,2983,The Role of Technology in Inventory Management
529,2725,The Role of Technology in Rail Transport
530,1095,The Ethics of Euthanasia
531,3071,The Legal Framework for Cyber Counterintelligence
532,569,Ancient Sea Routes
533,2687,The Legal Framework for Cyber Counterespionage
534,2298,The Future of Smart Governance
535,2872,The Geopolitics of the Chao Phraya Region
536,1546,The Geopolitics of the Salween Region
537,2974,The Geopolitics of the Salween Region
538,1925,The Legal Implications of Autonomous Trains
539,2692,The Geopolitics of the Limpopo Region
540,2805,The Ethics of Human-AI Symbiosis
541,1469,The Legal Implications of Autonomous Surface Vehicles
542,57,DevOps Practices
543,1789,The Role of Technology in Rail Transport
544,2275,The Role of Technology in Distribution
545,2131,The Role of Technology in Distribution
546,2197,The Role of Technology in Warehouse Management
547,469,Tarot Card History
548,1886,The Impact of Technological Advancements on Social Stability
549,941,The future of live theater and the role of technology in stage productions
550,536,Voice Banking Technology
551,1428,The Future of Smart Education
552,555,Desert Storm Tactics
553,2621,The Legal Implications of Autonomous Surface Vehicles
554,2211,The Ethics of Human-Robot Collaboration
555,2536,The Geopolitics of the Chao Phraya Region
556,692,The role of sports in promoting gender equality and inclusivity
557,70,Serverless Computing
558,2764,The Geopolitics of the Zambezi Region
559,1740,The Future of Smart Farming
560,437,Cave Diving Techniques
561,2122,The Geopolitics of the Irrawaddy Region
562,3064,The Geopolitics of the Brahmaputra Region
563,1004,The ethics of using AI to create realistic human simulations in art
564,1254,The Future of Smart Transportation
565,566,Memory Erasing Tech
566,314,Endangered Languages
567,234,Digital Forensics
568,2381,The Legal Implications of Autonomous Spacecraft
569,735,The role of government in addressing climate change and its impact on the environment
570,1378,The Geopolitics of the Salween Region
571,112,Modern Art Movements
572,1345,The Role of Technology in Shipping
573,1506,The Future of Smart Governance
574,1053,The Impact of Automation on the Job Market
575,2321,The Legal Implications of Autonomous Underwater Vehicles
576,2043,The Ethics of Human-Robot Integration
577,473,Traditional Bookbinding
578,1377,The Ethics of Human-AI Integration
579,1614,The Future of Smart Transportation
580,1178,The Impact of Technological Advancements on Urbanization
581,1753,The Role of Technology in Supply Chain
582,1374,The Future of Smart Homes
583,2210,The Impact of Technological Advancements on Global Economy
584,1341,The Ethics of Human-AI Integration
585,747,The role of government in promoting economic growth and development
586,2003,The Legal Framework for Cyber Counterterrorism
587,1300,The Geopolitics of the Brahmaputra Region
588,362,Brain-Computer Interface
589,136,Global Education Systems
590,1591,The Role of Technology in Public Transport
591,2286,The Future of Smart Healthcare
592,860,The impact of technology on human communication and interpersonal relationships
593,2380,The Geopolitics of the Mekong Region
594,367,Roman Military Tactics
595,1867,The Role of Technology in Road Transport
596,30,Robotics in Manufacturing
597,2632,The Geopolitics of the Mekong Region
598,23,Formula 1 Racing Technology
599,2507,The Legal Framework for Cyber Counterterrorism
600,1134,The Future of Smart Cities
601,1035,The impact of technology on the art of animation
602,421,Desert Storm Operations
603,1538,The Impact of Technological Advancements on Economic Sanctions
604,461,Digital Nomad Movement
605,44,Human Rights Law
606,88,Paralympic Games History
607,930,The role of art in addressing environmental issues
608,1125,The Ethics of Human Experimentation
609,1772,The Impact of Technological Advancements on Climate Change
610,1018,The role of music in promoting social justice and human rights
611,283,Smart City Infrastructure
612,694,The challenges of poverty and inequality in urban areas
613,1942,The Geopolitics of the Senegal Region
614,2910,The Future of Smart Transportation
615,2990,The Impact of Technological Advancements on Economic Sanctions
616,2112,The Future of Smart Logistics
617,534,Ocean Current Power
618,1179,The Ethics of Human-Robot Collaboration
619,2581,The Role of Technology in Rail Transport
620,790,The future of transportation and the rise of hyperloop technology
621,2482,The Geopolitics of the Ganges Region
622,2516,The Impact of Technological Advancements on Pandemics
623,2228,The Impact of Technological Advancements on Biodiversity
624,875,The role of media in promoting social justice and human rights
625,766,The rise of nationalism and its impact on global cooperation
626,1042,The Future of Cryptocurrency Regulation
627,791,The role of sports in promoting social inclusion
628,2816,The Impact of Technological Advancements on Economic Inequality
629,1566,The Future of Smart Healthcare
630,2311,The Role of Technology in Public Transport
631,2190,The Future of Smart Transportation
632,2305,The Role of Technology in Maritime Transport
633,2989,The Role of Technology in Warehouse Management
634,222,Drone Delivery Systems
635,544,Cyber Warfare Defense
636,1424,The Impact of Technological Advancements on Social Stability
637,2259,The Ethics of Human-Robot Integration
638,706,The challenges of healthcare access and affordability in an aging population
639,2466,The Future of Smart Retail
640,1007,The impact of globalization on traditional crafts and artisanal skills
641,1794,The Future of Smart Governance
642,2782,The Geopolitics of the Senegal Region
643,2930,The Impact of Technological Advancements on Trade Wars
644,979,The impact of technology on the art of animation
645,1905,The Ethics of Human-AI Symbiosis
646,1799,The Legal Framework for Cyber Counterespionage
647,273,Artificial Neural Networks
648,522,Nuclear Fusion Progress
649,523,Desert Navigation Methods
650,3136,The Geopolitics of the Mekong Region
651,1069,The Role of Technology in Healthcare
652,2068,The Geopolitics of the Indus Region
653,351,Indoor Vertical Gardens
654,2248,The Geopolitics of the Niger Region
655,1850,The Impact of Technological Advancements on Immigration
656,2439,The Ethics of Human-Robot Integration
657,652,The challenges of terrorism and global security
658,1808,The Impact of Technological Advancements on Trade Wars
659,2726,The Impact of Technological Advancements on Economic Sanctions
660,2528,The Impact of Technological Advancements on Economic Sanctions
661,1346,The Impact of Technological Advancements on Trade Wars
662,1079,The Legal Framework for E-commerce
663,2745,The Ethics of Human-AI Collaboration
664,169,Documentary Film Making
665,2636,The Impact of Technological Advancements on Urbanization
666,3027,The Ethics of Human-Robot Symbiosis
667,2924,The Impact of Technological Advancements on Economic Sanctions
668,2070,The Future of Smart Healthcare
669,2324,The Impact of Technological Advancements on Natural Disasters
670,1934,The Impact of Technological Advancements on Economic Sanctions
671,1638,The Future of Smart Healthcare
672,1838,The Impact of Technological Advancements on Climate Change
673,1376,The Impact of Technological Advancements on Climate Change
674,2354,The Impact of Technological Advancements on Economic Inequality
675,220,Desert Storm Operation
676,368,Voice Cloning Technology
677,2804,The Impact of Technological Advancements on Global Economy
678,950,The role of music in celebrating diversity and inclusivity
679,2399,The Legal Framework for Cyber Counterespionage
680,2253,The Ethics of Human-AI Integration
681,1457,The Legal Implications of Autonomous Underwater Vehicles
682,352,Magnetic Levitation
683,1098,The Future of Biometric Technology
684,1264,The Geopolitics of the Limpopo Region
685,2239,The Role of Technology in Public Transport
686,491,Space Debris Cleanup
687,2827,The Role of Technology in Logistics
688,2494,The Geopolitics of the Tigris-Euphrates Region
689,499,Bio-luminescent Technology
690,2789,The Legal Implications of Autonomous Trains
691,211,Underwater Archaeology
692,898,The future of food security and sustainable agriculture
693,1205,The Legal Implications of Autonomous Trains
694,651,The role of government in promoting economic growth
695,228,Supercomputer Evolution
696,366,Desert Agriculture
697,2223,The Ethics of Human-Robot Integration
698,277,Digital Marketing Strategy
699,2099,The Legal Framework for Cyber Counterterrorism
700,1114,The Geopolitics of the Caspian Sea Region
701,737,The impact of technology on education and the future of learning
702,2575,The Role of Technology in Aviation
703,1994,The Impact of Technological Advancements on Natural Disasters
704,408,Volcanic Energy
705,2417,The Legal Implications of Autonomous Aircraft
706,3005,The Legal Implications of Autonomous Trains
707,2458,The Geopolitics of the Irrawaddy Region
708,2247,The Ethics of Human-Robot Collaboration
709,3032,The Impact of Technological Advancements on Urbanization
710,2531,The Legal Framework for Cyber Counterterrorism
711,1771,The Role of Technology in Distribution
712,8,Evolution of Social Media Platforms
713,3068,The Impact of Technological Advancements on Global Economy
714,1533,The Ethics of Human-AI Integration
715,1801,The Role of Technology in Maritime Transport
716,416,Quantum Encryption
717,1607,The Legal Framework for Cyber Counterespionage
718,840,The impact of consumerism on environmental sustainability
719,3138,The Future of Smart Water Management
720,865,The challenges of poverty and inequality in urban areas
721,200,Wildlife Conservation Methods
722,1117,The Role of Technology in Art
723,284,Game Theory Applications
724,232,Cyber Warfare Tactics
725,2992,The Geopolitics of the Indus Region
726,1081,The Role of Technology in Disaster Management
727,97,API Development Standards
728,1508,The Impact of Technological Advancements on Climate Change
729,2760,The Future of Smart Logistics
730,1813,The Role of Technology in Freight Transport
731,2936,The Impact of Technological Advancements on Global Economy
732,1201,The Role of Technology in External Communications
733,2587,The Role of Technology in Road Transport
734,3007,The Role of Technology in Aviation
735,2720,The Impact of Technological Advancements on Natural Disasters
736,2556,The Future of Smart Energy
737,1890,The Future of Smart Retail
738,105,Microprocessor Architecture
739,2350,The Geopolitics of the Orange Region
740,1928,The Impact of Technological Advancements on Natural Disasters
741,2715,The Ethics of Human-Robot Collaboration
742,1124,The Impact of Digital Divide on Education
743,2009,The Legal Implications of Autonomous Submarines
744,806,The role of religion in contemporary society and its impact on social values
745,2409,The Ethics of Human-AI Symbiosis
746,2582,The Impact of Technological Advancements on Pandemics
747,745,The ethics of genetic engineering and human enhancement
748,227,Cold War Impact
749,1222,The Geopolitics of the Ganges Region
750,1293,The Ethics of Human-AI Integration
751,2421,The Ethics of Human-AI Collaboration
752,3038,The Impact of Technological Advancements on Immigration
753,2092,The Geopolitics of the Zambezi Region
754,1030,The role of music in celebrating diversity and inclusivity
755,890,The role of art in promoting intercultural understanding
756,1617,The Ethics of Human-AI Symbiosis
757,1111,The Role of Technology in Sports
758,2116,The Geopolitics of the Chao Phraya Region
759,3150,The Future of Smart Healthcare
760,2763,The Ethics of Human-Robot Integration
761,1043,The Ethics of Gene Editing
762,1777,The Role of Technology in Shipping
763,465,Traditional Metalworking
764,882,The role of government in addressing climate change and its impact on human health
765,2156,The Impact of Technological Advancements on Economic Inequality
766,863,The role of sports in promoting physical and mental health
767,1423,The Role of Technology in Aviation
768,2255,The Legal Framework for Cyber Counterespionage
769,773,The challenges of poverty and homelessness in urban areas
770,1768,The Geopolitics of the Limpopo Region
771,1065,The Ethics of Stem Cell Research
772,213,Digital Identity Management
773,13,Data Privacy Regulations
774,3049,The Role of Technology in Supply Chain
775,423,Traditional Pottery Making
776,2368,The Geopolitics of the Chao Phraya Region
777,1054,The Geopolitics of the Middle East
778,1230,The Future of Smart Homes
779,1456,The Geopolitics of the Mekong Region
780,742,The challenges of poverty and inequality in urban areas
781,2776,The Geopolitics of the Limpopo Region
782,2700,The Future of Smart Energy
783,2329,The Role of Technology in Supply Chain
784,799,The challenges of terrorism and the rise of extremism
785,1432,The Geopolitics of the Limpopo Region
786,2427,The Ethics of Human-Robot Collaboration
787,510,Traditional Salt Harvesting
788,645,The impact of consumerism on the environment
789,598,Memory Crystal Tech
790,2714,The Impact of Technological Advancements on Pandemics
791,1162,The Geopolitics of the Amazon Region
792,1362,The Future of Smart Governance
793,858,The role of government in addressing climate change and its impact on human health
794,2780,The Impact of Technological Advancements on Pandemics
795,519,Pirate Republic History
796,965,The future of live theater and the role of technology in stage productions
797,2968,The Geopolitics of the Mekong Region
798,574,Quantum Gaming
799,3075,The Ethics of Human-Robot Collaboration
800,2865,The Ethics of Human-AI Integration
801,2544,The Future of Smart Logistics
802,2107,The Role of Technology in Logistics
803,2754,The Future of Smart Retail
804,1308,The Future of Smart Farming
805,1587,The Ethics of Human-Robot Symbiosis
806,124,Film Making Techniques
807,1498,The Geopolitics of the Congo Region
808,221,Behavioral Economics
809,3053,The Legal Implications of Autonomous Surface Vehicles
810,359,Sports Betting Industry
811,2530,The Geopolitics of the Senegal Region
812,2777,The Legal Implications of Autonomous Aircraft
813,2113,The Role of Technology in Supply Chain
814,1796,The Impact of Technological Advancements on Natural Disasters
815,1698,The Future of Smart Water Management
816,260,Urban Planning Theory
817,2913,The Ethics of Human-AI Symbiosis
818,2415,The Ethics of Human-Robot Symbiosis
819,1351,The Role of Technology in Aviation
820,2517,The Ethics of Human-AI Symbiosis
821,3131,The Legal Framework for Cyber Counterproliferation
822,1107,The Ethics of Human Cloning
823,2532,The Future of Smart Farming
824,1878,The Future of Smart Homes
825,1657,The Role of Technology in Maritime Transport
826,1094,The Impact of Natural Disasters on Global Economy
827,2856,The Future of Smart Waste Management
828,2449,The Role of Technology in Maritime Transport
829,457,Traditional Glass Blowing
830,463,Breakdancing History
831,3062,The Impact of Technological Advancements on Trade Wars
832,1692,The Future of Smart Energy
833,1668,The Future of Smart Farming
834,1414,The Geopolitics of the Congo Region
835,382,Pet Robot Technology
836,2939,The Legal Framework for Cyber Counterterrorism
837,1534,The Geopolitics of the Irrawaddy Region
838,2473,The Role of Technology in Supply Chain
839,2442,The Future of Smart Governance
840,966,The role of music in celebrating diversity and inclusivity
841,2842,The Geopolitics of the Congo Region
842,1778,The Impact of Technological Advancements on Urbanization
843,943,The impact of globalization on traditional crafts and artisanal skills
844,60,Natural Language Processing
845,2391,The Ethics of Human-Robot Collaboration
846,2859,The Ethics of Human-Robot Collaboration
847,1766,The Impact of Technological Advancements on Biodiversity
848,1576,The Geopolitics of the Niger Region
849,2484,The Future of Smart Energy
850,2411,The Legal Framework for Cyber Counterproliferation
851,1028,The ethics of using AI to create realistic human simulations in art
852,658,The challenges of healthcare access and affordability in developing countries
853,1314,The Future of Smart Retail
854,846,The role of government in promoting economic growth and development
855,543,Sand Castle Engineering
856,870,The role of government in promoting economic growth and development
857,1710,The Future of Smart Healthcare
858,1310,The Impact of Technological Advancements on Climate Change
859,2227,The Role of Technology in Road Transport
860,2579,The Legal Framework for Cyber Counterterrorism
861,1447,The Role of Technology in Public Transport
862,2644,The Geopolitics of the Brahmaputra Region
863,1656,The Future of Smart Cities
864,1504,The Geopolitics of the Zambezi Region
865,1085,The Legal Implications of Biotechnology
866,3039,The Ethics of Human-Robot Collaboration
867,2379,The Ethics of Human-Robot Symbiosis
868,1433,The Legal Implications of Autonomous Submarines
869,2546,The Impact of Technological Advancements on Social Stability
870,1892,The Impact of Technological Advancements on Economic Inequality
871,1062,The Future of Virtual Reality
872,436,Humanoid Robot Development
873,2474,The Impact of Technological Advancements on Global Economy
874,238,Cryptocurrency Mining
875,1488,The Future of Smart Waste Management
876,2728,The Geopolitics of the Brahmaputra Region
877,110,Psychology of Decision Making
878,2084,The Impact of Technological Advancements on Social Stability
879,782,The role of religion in contemporary art and literature
880,2165,The Legal Implications of Autonomous Spacecraft
881,164,Forest Management Practices
882,289,Molecular Gastronomy
883,3042,The Future of Smart Retail
884,253,Air Traffic Control
885,1118,The Impact of Technological Advancements on Society
886,2127,The Ethics of Human-Robot Symbiosis
887,1739,The Legal Framework for Cyber Counterterrorism
888,768,The impact of climate change on biodiversity
889,788,The impact of technology on the democratic process
890,1443,The Ethics of Human-Robot Symbiosis
891,927,The impact of globalization on traditional dance forms
892,1836,The Future of Smart Energy
893,1074,The Future of Blockchain Technology
894,1287,The Ethics of Human-Robot Coexistence
895,1554,The Future of Smart Water Management
896,2457,The Ethics of Human-AI Collaboration
897,2230,The Geopolitics of the Ganges Region
898,2752,The Geopolitics of the Niger Region
899,2313,The Ethics of Human-AI Collaboration
900,2563,The Role of Technology in Distribution
901,848,The impact of social media on political discourse and misinformation
902,1438,The Geopolitics of the Senegal Region
903,2541,The Ethics of Human-AI Integration
904,462,Wave Energy Harvesting
905,2357,The Legal Implications of Autonomous Trains
906,1603,The Role of Technology in Logistics
907,158,Publishing Industry Changes
908,2523,The Ethics of Human-Robot Symbiosis
909,2087,The Legal Framework for Cyber Counterespionage
910,1805,The Legal Implications of Autonomous Spacecraft
911,678,The ethics of animal rights and animal welfare in the 21st century
912,1874,The Impact of Technological Advancements on Trade Wars
913,2373,The Ethics of Human-AI Symbiosis
914,239,Sleep Science Research
915,980,The ethics of using AI to create realistic human simulations in art
916,1221,The Ethics of Human-AI Collaboration
917,244,Ancient Trade Routes
918,101,Regional Trade Agreements
919,316,Colonial American History
920,1011,The impact of technology on the art of animation
921,2584,The Geopolitics of the Niger Region
922,2583,The Ethics of Human-Robot Integration
923,1056,The Future of Quantum Computing
924,262,Pandemic Preparedness
925,3072,The Future of Smart Waste Management
926,1834,The Geopolitics of the Congo Region
927,196,Sustainable Living Practices
928,1980,The Future of Smart Energy
929,2950,The Geopolitics of the Senegal Region
930,2384,The Impact of Technological Advancements on Pandemics
931,180,Sustainable Tourism Practices
932,835,The challenges of international relations and the rise of geopolitical tensions
933,843,The impact of technology on the creative industries and the arts
934,2441,The Legal Implications of Autonomous Submarines
935,1581,The Ethics of Human-AI Symbiosis
936,1038,The role of music in celebrating diversity and inclusivity
937,341,NFT Marketplace
938,1180,The Geopolitics of the Dead Sea Region
939,1988,The Impact of Technological Advancements on Pandemics
940,749,The impact of social media on political discourse and democracy
941,1193,The Legal Implications of Autonomous Aircraft
942,663,The role of government in addressing income inequality
943,481,Time Capsule Creation
944,804,The impact of tourism on the environment and local ecosystems
945,3083,The Legal Framework for Cyber Counterterrorism
946,1455,The Ethics of Human-Robot Collaboration
947,1499,The Legal Framework for Cyber Counterterrorism
948,2562,The Future of Smart Water Management
949,550,Bio-luminescent Trees
950,1741,The Role of Technology in Freight Transport
951,784,The ethics of artificial intelligence in healthcare
952,2848,The Geopolitics of the Zambezi Region
953,2314,The Geopolitics of the Ganges Region
954,743,The role of art in promoting intercultural understanding and dialogue
955,2578,The Geopolitics of the Tigris-Euphrates Region
956,2611,The Role of Technology in Logistics
957,1764,The Future of Smart Energy
958,3079,The Role of Technology in Aviation
959,2085,The Ethics of Human-AI Symbiosis
960,1781,The Legal Implications of Autonomous Trains
961,3054,The Future of Smart Transportation
962,1128,The Future of Exoskeletons
963,248,Quantum Internet
964,872,The impact of social media on political discourse and misinformation
965,1026,The role of music in promoting social justice and human rights
966,2955,The Ethics of Human-Robot Symbiosis
967,2860,The Geopolitics of the Limpopo Region
968,627,The importance of mental health awareness
969,348,Aztec Civilization
970,279,Prison Reform Movement
971,1989,The Ethics of Human-AI Collaboration
972,2404,The Geopolitics of the Indus Region
973,656,The role of media in promoting social justice
974,1357,The Role of Technology in Rail Transport
975,1033,The future of the film industry and the rise of international co-productions
976,908,The ethics of AI-generated art and music
977,2761,The Role of Technology in Supply Chain
978,2721,The Ethics of Human-AI Integration
979,1136,The Impact of Technological Advancements on Privacy
980,912,The ethics of cultural appropriation in art and music
981,1908,The Future of Smart Energy
982,633,The impact of tourism on local communities
983,1103,The Legal Framework for Drones
984,446,Vertical Ocean Farming
985,618,The effectiveness of renewable energy sources
986,1363,The Role of Technology in Road Transport
987,1196,The Impact of Technological Advancements on Pandemics
988,1191,The Ethics of Human-Robot Coexistence
989,3098,The Impact of Technological Advancements on Urbanization
990,1748,The Impact of Technological Advancements on Global Economy
991,845,The future of energy and the transition to renewable sources
992,2685,The Ethics of Human-AI Integration
993,548,Memory Palace Techniques
994,1979,The Legal Framework for Cyber Counterproliferation
995,2179,The Role of Technology in Logistics
996,1058,The Impact of Globalization on Local Cultures
997,264,Naval Warfare History
998,2996,The Impact of Technological Advancements on Trade Wars
999,2477,The Legal Implications of Autonomous Surface Vehicles
1000,2024,The Impact of Technological Advancements on Economic Inequality
1001,354,Precision Agriculture
1002,803,The role of media in promoting social justice and human rights
1003,209,Rise of E-sports Industry
1004,614,The ethics of autonomous weapons
1005,1048,The Legal Implications of Autonomous Vehicles
1006,2158,The Geopolitics of the Tigris-Euphrates Region
1007,1676,The Impact of Technological Advancements on Trade Wars
1008,1272,The Future of Smart Waste Management
1009,1271,The Legal Framework for Cyber Counterespionage
1010,1954,The Geopolitics of the Irrawaddy Region
1011,2693,The Legal Implications of Autonomous Surface Vehicles
1012,58,Boxing Championship History
1013,2348,The Impact of Technological Advancements on Social Stability
1014,812,The impact of technology on human communication and interpersonal relationships
1015,1552,The Geopolitics of the Brahmaputra Region
1016,2737,The Role of Technology in Maritime Transport
1017,562,Digital Soul Transfer
1018,2310,The Future of Smart Homes
1019,230,Space Station Operations
1020,2640,The Future of Smart Waste Management
1021,2033,The Legal Implications of Autonomous Underwater Vehicles
1022,2933,The Legal Implications of Autonomous Trains
1023,539,Traditional Archery
1024,1736,The Impact of Technological Advancements on Economic Sanctions
1025,2576,The Impact of Technological Advancements on Immigration
1026,2229,The Ethics of Human-AI Symbiosis
1027,2870,The Impact of Technological Advancements on Global Economy
1028,561,Deep Sea Volcanoes
1029,708,The impact of social media on youth mental health and well-being
1030,1235,The Legal Framework for Cyber Intelligence
1031,425,Skateboarding Culture
1032,648,The impact of technology on the workplace
1033,1883,The Legal Framework for Cyber Counterterrorism
1034,1324,The Geopolitics of the Niger Region
1035,2596,The Geopolitics of the Zambezi Region
1036,1160,The Impact of Technological Advancements on Society
1037,1006,The role of music in celebrating diversity and inclusivity
1038,621,The impact of climate change on human migration
1039,1361,The Legal Implications of Autonomous Submarines
1040,554,Time Crystal Research
1041,2802,The Future of Smart Governance
1042,1558,The Geopolitics of the Ganges Region
1043,999,The impact of globalization on traditional crafts and artisanal skills
1044,1365,The Ethics of Human-AI Collaboration
1045,1755,The Ethics of Human-Robot Integration
1046,2886,The Future of Smart Homes
1047,3135,The Ethics of Human-Robot Symbiosis
1048,1645,The Role of Technology in Rail Transport
1049,441,Desert Agriculture Innovation
1050,509,Kinetic Sculpture Art
1051,590,Space Elevator Plans
1052,1237,The Role of Technology in Corporate Social Responsibility
1053,650,The future of energy and the transition to renewable sources
1054,2041,The Role of Technology in Supply Chain
1055,2683,The Role of Technology in Logistics
1056,1317,The Ethics of Human-AI Collaboration
1057,1335,The Ethics of Human-Robot Coexistence
1058,1843,The Role of Technology in Distribution
1059,631,The future of food production and sustainability
1060,1403,The Legal Framework for Cyber Counterproliferation
1061,483,Flying Taxi Development
1062,1245,The Ethics of Human-AI Integration
1063,3044,The Impact of Technological Advancements on Pandemics
1064,2571,The Ethics of Human-Robot Collaboration
1065,3103,The Role of Technology in Public Transport
1066,2231,The Legal Framework for Cyber Counterespionage
1067,2096,The Impact of Technological Advancements on Biodiversity
1068,857,The future of work and the automation of routine tasks
1069,531,Viking Navigation
1070,1996,The Geopolitics of the Niger Region
1071,50,Smart City Technologies
1072,859,The challenges of international relations and the rise of geopolitical tensions
1073,1073,The Legal Implications of 3D Printing
1074,720,The impact of technology on the creative industries and the arts
1075,1826,The Impact of Technological Advancements on Economic Inequality
1076,1430,The Impact of Technological Advancements on Economic Inequality
1077,2370,The Future of Smart Governance
1078,1449,The Ethics of Human-AI Collaboration
1079,1633,The Role of Technology in Shipping
1080,2244,The Future of Smart Farming
1081,2888,The Impact of Technological Advancements on Biodiversity
1082,2744,The Impact of Technological Advancements on Social Stability
1083,1544,The Impact of Technological Advancements on Trade Wars
1084,2167,The Role of Technology in Public Transport
1085,1792,The Geopolitics of the Mekong Region
1086,1393,The Role of Technology in Supply Chain
1087,2257,The Role of Technology in Supply Chain
1088,2766,The Future of Smart Transportation
1089,1651,The Role of Technology in Road Transport
1090,298,Quantum Computing Applications
1091,1327,The Role of Technology in Warehouse Management
1092,1458,The Future of Smart Retail
1093,959,The impact of globalization on traditional crafts and artisanal skills
1094,1321,The Role of Technology in Inventory Management
1095,1609,The Role of Technology in Supply Chain
1096,1214,The Impact of Technological Advancements on Trade Wars
1097,350,Dream Psychology
1098,2565,The Ethics of Human-AI Collaboration
1099,644,The role of sports in promoting national identity
1100,1897,The Role of Technology in Supply Chain
1101,1284,The Future of Smart Education
1102,670,The challenges of poverty and inequality in urban areas
1103,2537,The Legal Implications of Autonomous Underwater Vehicles
1104,1643,The Legal Framework for Cyber Counterterrorism
1105,1955,The Legal Framework for Cyber Counterterrorism
1106,2591,The Legal Framework for Cyber Counterespionage
1107,2499,The Ethics of Human-Robot Collaboration
1108,1553,The Legal Implications of Autonomous Aircraft
1109,1715,The Legal Framework for Cyber Counterterrorism
1110,787,The challenges of international migration and refugee resettlement
1111,2833,The Role of Technology in Supply Chain
1112,141,Modern Dance Forms
1113,789,The ethics of data collection and privacy in the digital age
1114,1726,The Geopolitics of the Ganges Region
1115,2688,The Future of Smart Logistics
1116,715,The future of transportation and the rise of autonomous vehicles
1117,1466,The Impact of Technological Advancements on Natural Disasters
1118,1718,The Impact of Technological Advancements on Immigration
1119,1601,The Legal Implications of Autonomous Underwater Vehicles
1120,1627,The Role of Technology in Distribution
1121,619,The rise of populism in global politics
1122,407,Brain Mapping
1123,1519,The Role of Technology in Public Transport
1124,2017,The Role of Technology in Maritime Transport
1125,2937,The Ethics of Human-AI Integration
1126,1269,The Ethics of Human-AI Collaboration
1127,1780,The Geopolitics of the Chao Phraya Region
1128,498,Guerrilla Gardening
1129,343,Lab-Grown Meat
1130,2879,The Legal Framework for Cyber Counterespionage
1131,2390,The Impact of Technological Advancements on Natural Disasters
1132,783,The impact of social media on political polarization
1133,2291,The Legal Framework for Cyber Counterterrorism
1134,304,Wireless Communication
1135,1952,The Impact of Technological Advancements on Social Stability
1136,665,The impact of technology on human communication
1137,1814,The Impact of Technological Advancements on Global Economy
1138,1624,The Geopolitics of the Mekong Region
1139,2836,The Geopolitics of the Niger Region
1140,1629,The Ethics of Human-AI Collaboration
1141,85,Internet Security Protocols
1142,2333,The Legal Implications of Autonomous Surface Vehicles
1143,942,The role of music in celebrating diversity and inclusivity
1144,962,The role of music in promoting social justice and human rights
1145,842,The role of art in promoting intercultural understanding
1146,3015,The Ethics of Human-Robot Integration
1147,2502,The Future of Smart Healthcare
1148,2651,The Legal Framework for Cyber Counterterrorism
1149,1415,The Legal Framework for Cyber Counterintelligence
1150,291,Population Demographics
1151,2195,The Legal Framework for Cyber Counterproliferation
1152,1242,The Future of Smart Retail
1153,605,Island Survival
1154,2150,The Impact of Technological Advancements on Social Stability
1155,917,The future of live theater in the digital age
1156,2622,The Future of Smart Transportation
1157,1823,The Legal Framework for Cyber Counterespionage
1158,1100,The Impact of Pandemics on Global Health
1159,1089,The Ethics of Organ Transplantation
1160,2214,The Future of Smart Healthcare
1161,1442,The Impact of Technological Advancements on Climate Change
1162,822,The role of government in promoting economic growth and development
1163,2597,The Legal Implications of Autonomous Spacecraft
1164,1001,The future of the film industry and the rise of international co-productions
1165,1495,The Role of Technology in Aviation
1166,19,Tennis Grand Slam Tournaments
1167,2975,The Legal Framework for Cyber Counterespionage
1168,1126,The Geopolitics of the Persian Gulf Region
1169,1352,The Impact of Technological Advancements on Global Economy
1170,2251,The Role of Technology in Logistics
1171,1396,The Geopolitics of the Indus Region
1172,1719,The Ethics of Human-Robot Integration
1173,1594,The Geopolitics of the Orange Region
1174,1810,The Geopolitics of the Ganges Region
1175,1658,The Impact of Technological Advancements on Pandemics
1176,2128,The Geopolitics of the Mekong Region
1177,1518,The Future of Smart Homes
1178,1010,The role of music in promoting social justice and human rights
1179,361,Ottoman Empire History
1180,2690,The Impact of Technological Advancements on Biodiversity
1181,2013,The Ethics of Human-AI Symbiosis
1182,3019,The Role of Technology in Road Transport
1183,1232,The Impact of Technological Advancements on Economic Inequality
1184,2506,The Geopolitics of the Congo Region
1185,1841,The Legal Implications of Autonomous Aircraft
1186,345,Hypersonic Weapons
1187,987,The impact of technology on the art of animation
1188,2026,The Geopolitics of the Senegal Region
1189,1912,The Geopolitics of the Niger Region
1190,1476,The Future of Smart Energy
1191,1299,The Ethics of Human-Robot Integration
1192,114,Space Tourism Industry
1193,1211,The Legal Framework for Cyber Defense
1194,2023,The Role of Technology in Public Transport
1195,1895,The Legal Framework for Cyber Counterespionage
1196,86,Shanghai Cooperation Organisation
1197,2175,The Ethics of Human-Robot Collaboration
1198,669,The impact of consumerism on the environment and human health
1199,1015,The impact of globalization on traditional crafts and artisanal skills
1200,129,Mindfulness Meditation Practices
1201,2498,The Impact of Technological Advancements on Climate Change
1202,2961,The Ethics of Human-AI Collaboration
1203,892,The ethics of genetic engineering and human enhancement
1204,3045,The Ethics of Human-AI Integration
1205,308,Renewable Water Sources
1206,384,DNA Data Storage
1207,2044,The Geopolitics of the Mekong Region
1208,1296,The Future of Smart Cities
1209,2067,The Ethics of Human-Robot Collaboration
1210,427,Fermentation Science
1211,495,Freediving Techniques
1212,1208,The Impact of Technological Advancements on Economic Sanctions
1213,3024,The Future of Smart Cities
1214,1209,The Ethics of Human-AI Symbiosis
1215,3119,The Legal Framework for Cyber Counterespionage
1216,2317,The Role of Technology in Freight Transport
1217,1400,The Impact of Technological Advancements on Natural Disasters
1218,1767,The Ethics of Human-Robot Symbiosis
1219,276,Nutrition Science Research
1220,490,Traditional Rope Making
1221,2667,The Ethics of Human-Robot Symbiosis
1222,691,The future of transportation and the rise of autonomous vehicles
1223,1798,The Geopolitics of the Salween Region
1224,1770,The Future of Smart Water Management
1225,2258,The Impact of Technological Advancements on Natural Disasters
1226,1331,The Legal Framework for Cyber Counterproliferation
1227,3128,The Impact of Technological Advancements on Trade Wars
1228,2868,The Future of Smart Education
1229,1059,The Ethics of Artificial Intelligence
1230,119,Genetic Engineering Ethics
1231,1025,The future of the film industry and the rise of international co-productions
1232,2784,The Future of Smart Waste Management
1233,282,Corporate Governance
1234,1672,The Geopolitics of the Zambezi Region
1235,2459,The Legal Framework for Cyber Counterterrorism
1236,969,The future of the film industry and the rise of international co-productions
1237,2064,The Future of Smart Waste Management
1238,1919,The Legal Framework for Cyber Counterintelligence
1239,1790,The Impact of Technological Advancements on Pandemics
1240,156,Water Conservation Methods
1241,305,Stem Cell Research
1242,2054,The Impact of Technological Advancements on Pandemics
1243,2684,The Impact of Technological Advancements on Economic Inequality
1244,1690,The Geopolitics of the Senegal Region
1245,2781,The Ethics of Human-AI Collaboration
1246,2360,The Impact of Technological Advancements on Biodiversity
1247,1526,The Impact of Technological Advancements on Pandemics
1248,576,Time Travel Theory
1249,2065,The Role of Technology in Shipping
1250,2705,The Legal Implications of Autonomous Aircraft
1251,2759,The Legal Framework for Cyber Counterespionage
1252,1584,The Future of Smart Cities
1253,1322,The Impact of Technological Advancements on Immigration
1254,844,The ethics of genetic engineering and human enhancement
1255,1407,The Ethics of Human-Robot Collaboration
1256,270,Medical Imaging Technology
1257,630,The ethics of animal experimentation
1258,1034,The role of music in promoting social justice and human rights
1259,287,Digital Privacy Rights
1260,2331,The Ethics of Human-Robot Integration
1261,301,Space Debris Management
1262,1510,The Geopolitics of the Orange Region
1263,2020,The Geopolitics of the Limpopo Region
1264,1868,The Impact of Technological Advancements on Economic Sanctions
1265,1468,The Geopolitics of the Brahmaputra Region
1266,66,South China Sea Dispute
1267,2340,The Future of Smart Energy
1268,891,The impact of technology on the creative industries and the arts
1269,1879,The Role of Technology in Public Transport
1270,1972,The Geopolitics of the Brahmaputra Region
1271,2657,The Legal Implications of Autonomous Submarines
1272,2976,The Future of Smart Logistics
1273,231,Alternative Medicine
1274,504,Digital Fashion Design
1275,1353,The Ethics of Human-AI Symbiosis
1276,1511,The Legal Framework for Cyber Counterespionage
1277,1613,The Legal Implications of Autonomous Surface Vehicles
1278,1375,The Role of Technology in Public Transport
1279,1005,The future of live theater and the role of technology in stage productions
1280,837,The ethics of data privacy and surveillance in the context of national security
1281,1724,The Impact of Technological Advancements on Pandemics
1282,375,Deep Sea Mining
1283,1399,The Role of Technology in Inventory Management
1284,2226,The Future of Smart Governance
1285,1993,The Role of Technology in Shipping
1286,2012,The Impact of Technological Advancements on Global Economy
1287,3031,The Role of Technology in Public Transport
1288,752,The role of media in promoting social justice and human rights
1289,100,Kubernetes Technology
1290,1923,The Ethics of Human-Robot Collaboration
1291,867,The impact of technology on the creative industries and the arts
1292,911,The impact of globalization on traditional music forms
1293,1477,The Role of Technology in Warehouse Management
1294,530,Coral Reef Restoration
1295,1261,The Role of Technology in Compliance
1296,1832,The Impact of Technological Advancements on Biodiversity
1297,637,The ethics of artificial intelligence
1298,1270,The Geopolitics of the Senegal Region
1299,186,Natural Fiber Production
1300,1382,The Impact of Technological Advancements on Urbanization
1301,1568,The Impact of Technological Advancements on Biodiversity
1302,932,The ethics of using AI to create deepfakes of artists
1303,2877,The Ethics of Human-AI Symbiosis
1304,2419,The Role of Technology in Distribution
1305,1559,The Legal Framework for Cyber Counterintelligence
1306,2810,The Impact of Technological Advancements on Social Stability
1307,1274,The Impact of Technological Advancements on Economic Sanctions
1308,2180,The Impact of Technological Advancements on Immigration
1309,608,Bio-robot Design
1310,1503,The Ethics of Human-Robot Integration
1311,152,Street Art Movement
1312,1437,The Ethics of Human-AI Symbiosis
1313,2260,The Geopolitics of the Zambezi Region
1314,732,The impact of social media on youth mental health and well-being
1315,2857,The Role of Technology in Shipping
1316,3109,The Role of Technology in Freight Transport
1317,2869,The Role of Technology in Rail Transport
1318,24,Environmental Protection Laws
1319,2627,The Legal Framework for Cyber Counterproliferation
1320,159,Desert Wildlife Adaptation
1321,862,The future of transportation and the development of smart cities
1322,903,The impact of social media on youth identity and self-esteem
1323,2981,The Legal Implications of Autonomous Surface Vehicles
1324,1231,The Role of Technology in Public Affairs
1325,2377,The Role of Technology in Maritime Transport
1326,445,Parkour Movement
1327,3084,The Future of Smart Education
1328,755,The role of religion in contemporary society and its impact on social and political issues
1329,924,The ethics of using animals in artistic performances
1330,3120,The Future of Smart Logistics
1331,2988,The Future of Smart Energy
1332,312,Carbon Capture Technology
1333,549,Castle Siege Tactics
1334,2105,The Legal Implications of Autonomous Underwater Vehicles
1335,1625,The Legal Implications of Autonomous Aircraft
1336,307,Artificial Intelligence Ethics
1337,288,Emergency Response Systems
1338,695,The role of art in promoting intercultural understanding and dialogue
1339,309,Digital Healthcare Systems
1340,2444,The Impact of Technological Advancements on Immigration
1341,750,The ethics of animal rights and animal welfare in the 21st century
1342,1602,The Future of Smart Retail
1343,3097,The Role of Technology in Maritime Transport
1344,1691,The Legal Framework for Cyber Counterproliferation
1345,1577,The Legal Implications of Autonomous Submarines
1346,909,The future of live music performance
1347,87,Database Management Systems
1348,2504,The Impact of Technological Advancements on Urbanization
1349,2958,The Future of Smart Homes
1350,2624,The Impact of Technological Advancements on Biodiversity
1351,971,The impact of technology on the art of animation
1352,14,History of United Nations
1353,874,The future of food security and sustainable agriculture
1354,809,The future of work and the automation of routine tasks
1355,2711,The Legal Framework for Cyber Counterintelligence
1356,515,Seaweed Farming Methods
1357,2779,The Role of Technology in Distribution
1358,410,Bionic Limbs
1359,2010,The Future of Smart Governance
1360,1338,The Future of Smart Water Management
1361,2383,The Role of Technology in Public Transport
1362,1462,The Geopolitics of the Salween Region
1363,1371,The Ethics of Human-Robot Collaboration
1364,2807,The Legal Framework for Cyber Counterespionage
1365,1585,The Role of Technology in Maritime Transport
1366,383,Tea Cultivation
1367,2016,The Future of Smart Cities
1368,2663,The Legal Framework for Cyber Counterespionage
1369,2496,The Future of Smart Waste Management
1370,2462,The Impact of Technological Advancements on Economic Sanctions
1371,1848,The Future of Smart Waste Management
1372,2059,The Role of Technology in Distribution
1373,2629,The Role of Technology in Warehouse Management
1374,553,Underground Farming
1375,223,Antarctic Research
1376,1097,The Legal Implications of Cyberwarfare
1377,3021,The Ethics of Human-AI Symbiosis
1378,9,Renewable Energy Technologies
1379,2863,The Role of Technology in Aviation
1380,317,Green Building Design
1381,1329,The Ethics of Human-AI Coexistence
1382,428,Digital Democracy
1383,1492,The Geopolitics of the Niger Region
1384,106,Climate Change Treaties
1385,2241,The Ethics of Human-AI Collaboration
1386,143,Ancient Greek Philosophy
1387,122,Marine Biology Research
1388,2495,The Legal Framework for Cyber Counterintelligence
1389,3009,The Ethics of Human-AI Integration
1390,1190,The Impact of Technological Advancements on Tourism
1391,2081,The Legal Implications of Autonomous Submarines
1392,2783,The Legal Framework for Cyber Counterintelligence
1393,3008,The Impact of Technological Advancements on Social Stability
1394,116,History of Photography
1395,1570,The Geopolitics of the Tigris-Euphrates Region
1396,2269,The Role of Technology in Warehouse Management
1397,2261,The Legal Implications of Autonomous Surface Vehicles
1398,3003,The Ethics of Human-Robot Collaboration
1399,3096,The Future of Smart Cities
1400,1784,The Impact of Technological Advancements on Immigration
1401,2004,The Future of Smart Education
1402,673,The ethics of genetic engineering and human enhancement
1403,1727,The Legal Framework for Cyber Counterespionage
1404,1819,The Role of Technology in Logistics
1405,2186,The Impact of Technological Advancements on Pandemics
1406,592,Desert Water Finding
1407,2187,The Ethics of Human-Robot Integration
1408,889,The challenges of poverty and inequality in urban areas
1409,1958,The Impact of Technological Advancements on Economic Inequality
1410,2292,The Future of Smart Education
1411,2058,The Future of Smart Water Management
1412,214,Traditional Martial Arts
1413,779,The role of media in shaping public perceptions of health and wellness
1414,1863,The Ethics of Human-Robot Integration
1415,801,The ethics of animal rights and the use of animals for entertainment
1416,2610,The Future of Smart Retail
1417,1615,The Role of Technology in Inventory Management
1418,1703,The Legal Framework for Cyber Counterintelligence
1419,2407,The Role of Technology in Inventory Management
1420,2915,The Legal Framework for Cyber Counterproliferation
1421,2986,The Geopolitics of the Ganges Region
1422,2851,The Role of Technology in Distribution
1423,1344,The Future of Smart Waste Management
1424,274,Archaeological Discoveries
1425,72,Computer Vision Technology
1426,2534,The Impact of Technological Advancements on Trade Wars
1427,1088,The Impact of Economic Sanctions on International Relations
1428,395,Memory Augmentation
1429,584,Emotion Control Tech
1430,1704,The Future of Smart Waste Management
1431,2124,The Future of Smart Energy
1432,2130,The Future of Smart Water Management
1433,501,Smart Road Systems
1434,2894,The Impact of Technological Advancements on Climate Change
1435,2343,The Ethics of Human-Robot Symbiosis
1436,3129,The Ethics of Human-AI Symbiosis
1437,2881,The Role of Technology in Maritime Transport
1438,1652,The Impact of Technological Advancements on Immigration
1439,1260,The Future of Smart Energy
1440,2909,The Legal Implications of Autonomous Surface Vehicles
1441,2242,The Geopolitics of the Tigris-Euphrates Region
1442,206,Sustainable Fishing
1443,734,The future of work and the rise of the gig economy
1444,2514,The Future of Smart Governance
1445,527,Falconry Techniques
1446,1917,The Ethics of Human-AI Collaboration
1447,899,The role of media in promoting social justice and human rights
1448,378,Marathon Training
1449,1926,The Future of Smart Healthcare
1450,2820,The Future of Smart Farming
1451,1612,The Geopolitics of the Chao Phraya Region
1452,387,Predictive Maintenance
1453,199,Electronic Music Evolution
1454,1051,The Role of Renewable Energy in Combating Climate Change
1455,591,Treasure Hunting Tech
1456,520,Smart Dust Applications
1457,2132,The Impact of Technological Advancements on Economic Sanctions
1458,2747,The Legal Framework for Cyber Counterterrorism
1459,430,Zero-Waste Movement
1460,1084,The Geopolitics of the Pacific Region
1461,208,Alpine Ecosystem Protection
1462,492,Urban Wind Farming
1463,2104,The Geopolitics of the Limpopo Region
1464,3057,The Ethics of Human-AI Symbiosis
1465,793,The challenges of poverty and inequality in developing countries
1466,2623,The Role of Technology in Inventory Management
1467,1187,The Legal Framework for Cyber Warfare
1468,1186,The Geopolitics of the Danube Region
1469,1965,The Ethics of Human-AI Integration
1470,1816,The Geopolitics of the Indus Region
1471,2352,The Future of Smart Waste Management
1472,1411,The Role of Technology in Distribution
1473,84,Contract Law Principles
1474,2554,The Geopolitics of the Salween Region
1475,2346,The Future of Smart Water Management
1476,21,International Trade Agreements
1477,1539,The Ethics of Human-Robot Integration
1478,1707,The Ethics of Human-Robot Collaboration
1479,1745,The Legal Implications of Autonomous Underwater Vehicles
1480,1406,The Impact of Technological Advancements on Economic Sanctions
1481,2867,The Legal Framework for Cyber Counterterrorism
1482,3140,The Impact of Technological Advancements on Social Stability
1483,2832,The Future of Smart Logistics
1484,2883,The Ethics of Human-Robot Symbiosis
1485,974,The role of music in celebrating diversity and inclusivity
1486,2932,The Geopolitics of the Zambezi Region
1487,884,The impact of technology on human communication and interpersonal relationships
1488,1099,The Role of Technology in Urban Planning
1489,157,Gothic Architecture Style
1490,2400,The Future of Smart Logistics
1491,887,The role of sports in promoting physical and mental health
1492,3149,The Legal Implications of Autonomous Trains
1493,1779,The Ethics of Human-Robot Collaboration
1494,2608,The Geopolitics of the Limpopo Region
1495,1673,The Legal Implications of Autonomous Underwater Vehicles
1496,2666,The Impact of Technological Advancements on Trade Wars
1497,2487,The Ethics of Human-Robot Symbiosis
1498,2977,The Role of Technology in Supply Chain
1499,1454,The Impact of Technological Advancements on Immigration
